Customer_ID,Age,Gender,Location,Annual_Income,Total_Purchases,Total_Spending,Average_Order_Value,Purchase_Frequency,Recency,Product_Category,Online_Orders
C0001,38,Female,Delhi,57889.93,23,18705.03,813.26,23,30,Fashion,9
C0002,42,Female,Bengaluru,63762.96,13,8617.39,662.88,13,48,Electronics,2
C0003,35,Male,Mumbai,33137.78,3,2357.93,785.98,3,102,Fashion,1
C0004,54,Male,Delhi,92467.79,5,9589.24,1917.85,5,68,Fashion,0
C0005,63,Female,Bengaluru,85057.65,21,23854.48,1135.93,21,12,Fashion,4
C0006,42,Female,Chennai,61172.76,14,6338.27,452.73,14,41,Electronics,2
C0007,34,Female,Chennai,28513.84,7,1976.15,282.31,7,89,Fashion,1
C0008,40,Male,Chennai,72331.26,6,11087.99,1848.0,6,78,Fashion,2
C0009,66,Female,Delhi,66550.21,24,21175.23,882.3,24,1,Grocery,5
C0010,18,Non-binary,Chennai,49184.17,12,6304.53,525.38,12,49,Home,2
C0011,36,Male,Hyderabad,29564.69,5,1788.25,357.65,5,129,Electronics,2
C0012,48,Male,Chennai,62456.05,11,8295.33,754.12,11,74,Fashion,2
C0013,33,Female,Hyderabad,86947.04,20,13334.96,666.75,20,10,Electronics,4
C0014,39,Female,Delhi,56693.72,14,6999.4,499.96,14,48,Fashion,3
C0015,34,Female,Delhi,45151.56,2,1833.06,916.53,2,115,Electronics,1
C0016,60,Female,Mumbai,60419.28,6,9461.67,1576.94,6,96,Home,2
C0017,46,Male,Chennai,88103.91,23,15053.02,654.48,23,21,Fashion,7
C0018,52,Female,Delhi,47938.86,11,9091.41,826.49,11,58,Electronics,3
C0019,70,Female,Hyderabad,43503.89,2,2910.76,1455.38,2,104,Grocery,0
C0020,34,Female,Bengaluru,60472.01,8,10469.54,1308.69,8,57,Fashion,5
C0021,43,Male,Delhi,79113.18,22,17485.13,794.78,22,19,Home,5
C0022,20,Male,Hyderabad,48149.9,9,7174.67,797.19,9,56,Home,4
C0023,49,Male,Hyderabad,27469.79,1,2506.24,2506.24,1,103,Fashion,1
C0024,42,Male,Delhi,66572.58,9,9982.25,1109.14,9,89,Home,3
C0025,35,Female,Delhi,103413.2,24,8791.48,366.31,24,21,Grocery,5
C0026,18,Female,Mumbai,47837.65,10,9554.97,955.5,10,49,Fashion,4
C0027,46,Male,Bengaluru,27136.25,3,3401.92,1133.97,3,111,Electronics,3
C0028,38,Male,Chennai,46538.17,7,7745.29,1106.47,7,79,Grocery,6
C0029,41,Male,Mumbai,84391.06,24,21199.74,883.32,24,23,Electronics,7
C0030,47,Male,Delhi,57626.85,14,6260.42,447.17,14,49,Grocery,1
C0031,25,Female,Delhi,30081.42,4,2429.59,607.4,4,114,Electronics,0
C0032,59,Female,Delhi,67599.91,8,12042.39,1505.3,8,108,Home,7
C0033,36,Male,Bengaluru,82084.28,24,17551.76,731.32,24,28,Grocery,5
C0034,25,Female,Bengaluru,50574.7,8,6145.57,768.2,8,30,Electronics,5
C0035,42,Female,Mumbai,34588.59,5,2199.67,439.93,5,117,Fashion,2
C0036,31,Male,Mumbai,66426.56,5,7045.41,1409.08,5,98,Fashion,5
C0037,31,Male,Mumbai,95928.68,21,15611.04,743.38,21,4,Fashion,5
C0038,27,Male,Hyderabad,58373.75,13,7783.86,598.76,13,56,Grocery,5
C0039,28,Male,Bengaluru,34872.52,4,2328.35,582.09,4,117,Grocery,1
C0040,47,Male,Delhi,55201.97,9,11585.74,1287.3,9,48,Grocery,3
C0041,37,Male,Chennai,90566.08,20,18166.6,908.33,20,22,Grocery,6
C0042,42,Male,Hyderabad,57950.7,10,8300.35,830.04,10,56,Grocery,8
C0043,59,Female,Mumbai,37377.08,4,2278.42,569.6,4,82,Fashion,1
C0044,29,Male,Hyderabad,64960.12,8,9987.25,1248.41,8,84,Home,2
C0045,25,Male,Bengaluru,94618.31,21,13167.72,627.03,21,12,Fashion,7
C0046,48,Female,Chennai,45839.1,10,7856.34,785.63,10,57,Grocery,0
C0047,39,Female,Mumbai,28496.24,1,2681.04,2681.04,1,99,Home,0
C0048,23,Male,Delhi,83357.61,8,10182.58,1272.82,8,64,Grocery,7
C0049,54,Male,Chennai,93903.5,21,13268.55,631.84,21,32,Electronics,8
C0050,39,Female,Chennai,60040.55,10,5454.93,545.49,10,62,Electronics,5
C0051,44,Female,Bengaluru,41962.38,5,2049.94,409.99,5,97,Electronics,2
C0052,18,Male,Chennai,47840.79,7,9151.35,1307.34,7,73,Fashion,2
C0053,38,Female,Hyderabad,74821.44,18,21231.44,1179.52,18,58,Fashion,6
C0054,43,Female,Chennai,58259.75,9,8298.33,922.04,9,58,Fashion,3
C0055,53,Male,Chennai,30146.5,6,2309.01,384.84,6,118,Fashion,1
C0056,57,Female,Hyderabad,67424.57,12,9243.49,770.29,12,85,Grocery,0
C0057,44,Male,Chennai,95223.47,19,21434.18,1128.11,19,15,Grocery,7
C0058,33,Male,Hyderabad,51041.45,14,8978.35,641.31,14,54,Home,1
C0059,27,Female,Bengaluru,44767.62,6,2119.87,353.31,6,114,Home,0
C0060,40,Female,Mumbai,48743.61,9,12175.05,1352.78,9,100,Home,1
C0061,42,Male,Mumbai,92459.62,20,17075.48,853.77,20,20,Electronics,6
C0062,46,Male,Delhi,51700.36,11,4909.89,446.35,11,60,Fashion,3
C0063,32,Male,Chennai,27305.32,6,3141.88,523.65,6,122,Electronics,0
C0064,28,Female,Hyderabad,66420.33,8,9974.39,1246.8,8,45,Electronics,6
C0065,31,Female,Chennai,92502.16,21,15826.36,753.64,21,6,Electronics,8
C0066,34,Male,Hyderabad,51693.96,10,7114.49,711.45,10,65,Electronics,5
C0067,35,Female,Chennai,33652.48,2,2953.56,1476.78,2,102,Fashion,2
C0068,72,Female,Bengaluru,62858.71,10,10182.53,1018.25,10,66,Grocery,4
C0069,39,Female,Delhi,75733.77,20,16056.23,802.81,20,28,Fashion,8
C0070,49,Female,Chennai,55598.59,13,9765.31,751.18,13,74,Home,5
C0071,45,Male,Bengaluru,28367.63,6,2225.31,370.88,6,101,Grocery,1
C0072,44,Female,Delhi,60269.59,8,8462.19,1057.77,8,82,Grocery,0
C0073,47,Male,Mumbai,78249.28,22,15854.5,720.66,22,2,Home,8
C0074,23,Male,Mumbai,57697.79,13,6498.02,499.85,13,56,Electronics,3
C0075,28,Female,Mumbai,38845.59,8,2975.14,371.89,8,102,Home,0
C0076,49,Male,Bengaluru,48424.41,9,8969.43,996.6,9,79,Home,3
C0077,32,Female,Mumbai,97358.79,18,18514.45,1028.58,18,25,Fashion,7
C0078,34,Female,Hyderabad,47780.2,9,6620.06,735.56,9,54,Electronics,3
C0079,37,Male,Bengaluru,30890.53,7,3219.91,459.99,7,98,Fashion,0
C0080,29,Male,Hyderabad,67579.64,7,10844.42,1549.2,7,62,Grocery,5
C0081,44,Male,Chennai,73400.93,20,17291.11,864.56,20,1,Grocery,5
C0082,51,Male,Bengaluru,40071.71,13,6055.32,465.79,13,67,Electronics,5
C0083,70,Female,Bengaluru,31856.15,3,3214.62,1071.54,3,106,Fashion,3
C0084,36,Non-binary,Bengaluru,69572.17,11,8786.63,798.78,11,55,Home,5
C0085,32,Non-binary,Mumbai,71809.42,23,21898.79,952.12,23,1,Electronics,6
C0086,47,Male,Mumbai,62674.43,9,10093.38,1121.49,9,50,Fashion,4
C0087,18,Female,Hyderabad,27829.44,2,2891.17,1445.59,2,110,Fashion,0
C0088,54,Female,Delhi,74738.34,7,10756.36,1536.62,7,88,Grocery,7
C0089,43,Female,Bengaluru,97964.85,18,22301.86,1238.99,18,34,Electronics,9
C0090,39,Male,Hyderabad,58926.32,9,5535.8,615.09,9,62,Grocery,3
C0091,50,Male,Mumbai,28460.23,3,3186.41,1062.14,3,114,Fashion,2
C0092,45,Female,Bengaluru,58077.67,7,7578.03,1082.58,7,62,Home,4
C0093,28,Female,Delhi,88482.5,22,23641.25,1074.6,22,5,Fashion,8
C0094,41,Male,Mumbai,51851.68,10,7353.29,735.33,10,44,Fashion,5
C0095,55,Female,Hyderabad,26162.37,5,2319.26,463.85,5,102,Fashion,5
C0096,30,Female,Bengaluru,64312.11,9,10333.75,1148.19,9,78,Fashion,0
C0097,45,Female,Hyderabad,75732.58,20,16542.92,827.15,20,11,Grocery,8
C0098,35,Female,Delhi,50764.3,9,7189.56,798.84,9,65,Electronics,6
C0099,23,Female,Bengaluru,24223.18,5,2593.47,518.69,5,122,Electronics,0
C0100,24,Male,Mumbai,69295.87,5,8235.96,1647.19,5,88,Fashion,3
C0101,52,Male,Chennai,88235.01,21,16127.0,767.95,21,5,Electronics,8
C0102,35,Male,Mumbai,51285.89,9,7225.9,802.88,9,44,Fashion,1
C0103,43,Male,Bengaluru,35893.46,4,2490.25,622.56,4,92,Electronics,0
C0104,38,Female,Chennai,56536.97,8,10050.83,1256.35,8,87,Grocery,2
C0105,41,Male,Hyderabad,98421.0,19,15243.24,802.28,19,14,Fashion,7
C0106,32,Male,Hyderabad,65116.45,10,8486.9,848.69,10,57,Home,3
C0107,42,Male,Chennai,32333.07,2,3183.9,1591.95,2,103,Fashion,1
C0108,65,Female,Delhi,73636.02,6,9242.23,1540.37,6,68,Electronics,6
C0109,37,Male,Mumbai,79142.62,22,14255.43,647.97,22,28,Electronics,4
C0110,44,Female,Hyderabad,58005.34,11,8257.66,750.7,11,54,Fashion,3
C0111,18,Female,Bengaluru,38546.38,6,2676.78,446.13,6,110,Home,2
C0112,27,Female,Hyderabad,52473.87,9,10415.74,1157.3,9,74,Fashion,0
C0113,36,Male,Bengaluru,91017.64,25,25489.0,1019.56,25,10,Grocery,5
C0114,35,Male,Delhi,37981.01,9,7241.82,804.65,9,71,Grocery,4
C0115,25,Male,Hyderabad,36008.36,3,1930.13,643.38,3,123,Home,0
C0116,29,Male,Delhi,57419.82,10,9638.53,963.85,10,100,Electronics,0
C0117,29,Male,Hyderabad,69919.56,22,19058.37,866.29,22,6,Grocery,7
C0118,45,Male,Chennai,57032.29,12,8912.37,742.7,12,66,Grocery,0
C0119,32,Female,Hyderabad,28877.5,1,2247.17,2247.17,1,113,Grocery,0
C0120,46,Female,Hyderabad,66837.15,5,9348.74,1869.75,5,87,Home,5
C0121,34,Female,Delhi,91790.08,21,13382.79,637.28,21,12,Fashion,4
C0122,43,Male,Bengaluru,50896.28,11,5954.55,541.32,11,56,Electronics,2
C0123,31,Male,Chennai,36280.04,7,2414.71,344.96,7,123,Fashion,0
C0124,42,Non-binary,Delhi,70214.45,7,8227.35,1175.34,7,102,Fashion,4
C0125,52,Male,Hyderabad,67407.05,22,16745.36,761.15,22,17,Electronics,9
C0126,27,Female,Chennai,48468.36,6,5904.92,984.15,6,55,Electronics,3
C0127,42,Female,Delhi,32910.25,7,2452.45,350.35,7,95,Home,1
C0128,37,Female,Chennai,83147.54,10,7823.95,782.4,10,96,Home,6
C0129,18,Male,Mumbai,80925.53,23,15100.68,656.55,23,14,Fashion,9
C0130,32,Female,Bengaluru,52377.54,13,7400.08,569.24,13,38,Electronics,0
C0131,41,Female,Bengaluru,35971.41,1,2457.17,2457.17,1,119,Electronics,0
C0132,41,Male,Hyderabad,79030.05,5,10907.54,2181.51,5,80,Electronics,3
C0133,40,Male,Chennai,99543.59,20,18465.68,923.28,20,19,Home,6
C0134,18,Female,Delhi,68315.29,11,7920.65,720.06,11,60,Electronics,2
C0135,30,Male,Mumbai,35032.45,5,2305.47,461.09,5,90,Electronics,0
C0136,57,Male,Hyderabad,62842.02,6,10686.92,1781.15,6,80,Fashion,4
C0137,39,Non-binary,Hyderabad,108471.44,24,20205.44,841.89,24,19,Grocery,9
C0138,26,Female,Mumbai,55217.97,12,7772.06,647.67,12,75,Home,5
C0139,48,Female,Mumbai,28383.51,5,2481.49,496.3,5,115,Fashion,0
C0140,47,Female,Hyderabad,69356.24,9,11276.01,1252.89,9,66,Grocery,4
C0141,20,Male,Hyderabad,96788.72,25,22775.17,911.01,25,23,Electronics,7
C0142,37,Male,Mumbai,42572.58,10,7727.74,772.77,10,60,Electronics,3
C0143,53,Male,Chennai,38694.6,5,2726.01,545.2,5,120,Fashion,1
C0144,45,Female,Delhi,42827.81,5,7544.57,1508.91,5,77,Electronics,4
C0145,18,Male,Hyderabad,70009.81,21,17077.16,813.2,21,25,Grocery,6
C0146,39,Male,Delhi,51434.81,12,9344.6,778.72,12,69,Home,0
C0147,20,Male,Mumbai,32674.71,4,1695.75,423.94,4,125,Electronics,2
C0148,39,Female,Delhi,60259.21,15,9267.95,617.86,15,85,Grocery,4
C0149,47,Male,Mumbai,89437.05,20,11598.06,579.9,20,1,Electronics,6
C0150,18,Male,Bengaluru,55080.69,7,7022.23,1003.18,7,58,Home,4
C0151,24,Male,Mumbai,32673.56,6,2691.65,448.61,6,113,Grocery,0
C0152,66,Female,Delhi,70292.92,8,8535.5,1066.94,8,80,Electronics,4
C0153,40,Female,Mumbai,84237.77,21,18220.41,867.64,21,36,Grocery,7
C0154,30,Female,Mumbai,53679.76,10,6884.38,688.44,10,69,Electronics,4
C0155,38,Male,Delhi,34422.35,4,2858.13,714.53,4,119,Fashion,3
C0156,37,Female,Bengaluru,67036.29,8,7642.52,955.32,8,83,Grocery,7
C0157,18,Male,Mumbai,82591.36,23,18473.35,803.19,23,5,Electronics,9
C0158,21,Female,Bengaluru,59719.9,14,7016.31,501.16,14,54,Grocery,1
C0159,18,Male,Delhi,42058.74,2,2601.96,1300.98,2,108,Grocery,0
C0160,34,Male,Hyderabad,54784.43,7,7117.07,1016.72,7,80,Electronics,5
C0161,39,Female,Chennai,86916.57,22,22877.33,1039.88,22,27,Grocery,8
C0162,41,Male,Hyderabad,62146.08,15,8307.72,553.85,15,77,Grocery,3
C0163,41,Female,Delhi,39741.36,5,2509.16,501.83,5,96,Grocery,1
C0164,37,Male,Chennai,55035.49,8,10627.51,1328.44,8,75,Home,2
C0165,24,Male,Delhi,67522.52,26,10995.69,422.91,26,27,Home,12
C0166,22,Female,Bengaluru,53403.17,12,8674.08,722.84,12,46,Home,1
C0167,32,Female,Hyderabad,27566.3,3,2233.1,744.37,3,115,Fashion,3
C0168,27,Male,Hyderabad,67404.24,8,8698.02,1087.25,8,78,Grocery,5
C0169,57,Male,Mumbai,99975.6,22,20596.5,936.2,22,15,Fashion,9
C0170,48,Male,Delhi,51703.16,13,7736.01,595.08,13,44,Grocery,2
C0171,27,Female,Delhi,41383.55,1,1389.48,1389.48,1,97,Home,0
C0172,48,Male,Bengaluru,74853.71,12,6921.14,576.76,12,76,Fashion,4
C0173,50,Female,Chennai,83076.65,22,19203.77,872.9,22,31,Fashion,9
C0174,34,Male,Hyderabad,67097.29,7,8158.24,1165.46,7,61,Grocery,2
C0175,38,Male,Hyderabad,32919.29,4,2525.56,631.39,4,104,Fashion,0
C0176,34,Male,Mumbai,79333.29,9,7873.05,874.78,9,66,Electronics,3
C0177,48,Female,Delhi,84338.83,20,15342.29,767.11,20,42,Home,11
C0178,18,Female,Delhi,43626.63,8,7495.02,936.88,8,63,Electronics,2
C0179,60,Female,Chennai,38169.61,4,2596.27,649.07,4,125,Grocery,1
C0180,41,Male,Bengaluru,61527.44,8,11828.2,1478.53,8,86,Fashion,2
C0181,36,Male,Bengaluru,93824.31,25,19613.67,784.55,25,6,Fashion,10
C0182,39,Female,Delhi,55722.39,14,9582.77,684.48,14,50,Home,2
C0183,37,Male,Mumbai,31989.31,6,2293.8,382.3,6,96,Electronics,1
C0184,20,Male,Delhi,69080.74,10,7901.3,790.13,10,83,Electronics,1
C0185,34,Male,Delhi,90852.71,22,15307.62,695.8,22,13,Home,11
C0186,50,Male,Bengaluru,52018.09,12,5989.08,499.09,12,59,Home,4
C0187,32,Male,Bengaluru,36838.37,4,2986.47,746.62,4,116,Grocery,0
C0188,37,Male,Hyderabad,64686.34,8,6360.56,795.07,8,92,Home,7
C0189,59,Male,Chennai,82691.09,22,20854.13,947.92,22,24,Grocery,6
C0190,44,Female,Chennai,64192.71,13,8127.45,625.19,13,72,Electronics,4
C0191,32,Female,Bengaluru,44483.99,7,2655.22,379.32,7,82,Electronics,1
C0192,48,Male,Bengaluru,64263.79,6,8705.15,1450.86,6,79,Electronics,4
C0193,35,Female,Delhi,70084.77,24,15993.9,666.41,24,16,Fashion,8
C0194,32,Male,Delhi,55852.42,14,8146.83,581.92,14,41,Grocery,2
C0195,32,Female,Chennai,39663.78,2,1910.23,955.12,2,106,Grocery,1
C0196,35,Female,Bengaluru,58191.34,6,8551.89,1425.31,6,78,Electronics,2
C0197,42,Female,Mumbai,103510.55,23,18901.19,821.79,23,11,Home,9
C0198,33,Female,Chennai,47595.31,11,8775.81,797.8,11,42,Grocery,2
C0199,47,Male,Delhi,37653.24,7,2470.4,352.91,7,121,Home,0
C0200,50,Female,Hyderabad,65718.78,5,7079.17,1415.83,5,53,Fashion,5
C0201,45,Male,Bengaluru,84217.03,21,12298.22,585.63,21,23,Fashion,6
C0202,54,Male,Chennai,62437.7,14,7130.11,509.29,14,48,Home,3
C0203,42,Female,Mumbai,32885.95,5,2576.26,515.25,5,108,Fashion,0
C0204,19,Male,Hyderabad,66742.0,6,10073.4,1678.9,6,85,Electronics,4
C0205,33,Non-binary,Mumbai,93799.45,22,22191.31,1008.7,22,41,Fashion,12
C0206,58,Male,Mumbai,55816.93,12,9069.8,755.82,12,54,Home,4
C0207,40,Female,Mumbai,36179.47,6,1718.0,286.33,6,105,Home,0
C0208,44,Female,Mumbai,70507.31,7,6260.26,894.32,7,75,Electronics,2
C0209,30,Male,Mumbai,101698.99,18,12600.13,700.01,18,29,Grocery,6
C0210,22,Male,Hyderabad,45200.82,10,6078.11,607.81,10,67,Grocery,4
C0211,27,Female,Mumbai,25647.06,3,2763.02,921.01,3,127,Grocery,0
C0212,49,Female,Mumbai,95066.36,8,8740.54,1092.57,8,100,Fashion,5
C0213,20,Male,Bengaluru,95399.63,20,19259.49,962.97,20,16,Grocery,9
C0214,42,Female,Mumbai,42751.11,13,6251.65,480.9,13,60,Electronics,2
C0215,59,Female,Hyderabad,27409.41,9,1560.32,173.37,9,94,Fashion,0
C0216,31,Male,Mumbai,71557.67,8,5405.66,675.71,8,83,Electronics,3
C0217,40,Female,Bengaluru,96698.33,19,12842.73,675.93,19,6,Fashion,9
C0218,47,Male,Mumbai,55109.99,11,7657.01,696.09,11,59,Fashion,1
C0219,58,Female,Hyderabad,40253.29,4,2612.88,653.22,4,118,Fashion,0
C0220,42,Female,Hyderabad,66288.44,5,8619.34,1723.87,5,75,Grocery,2
C0221,37,Male,Bengaluru,66754.5,24,23631.54,984.65,24,4,Fashion,8
C0222,39,Male,Bengaluru,40148.0,15,7008.59,467.24,15,80,Grocery,5
C0223,49,Female,Chennai,26599.64,4,2847.13,711.78,4,129,Fashion,1
C0224,31,Male,Mumbai,51311.82,8,9976.42,1247.05,8,87,Home,1
C0225,33,Female,Bengaluru,87843.98,20,24269.06,1213.45,20,38,Home,6
C0226,34,Male,Hyderabad,45499.21,10,6881.08,688.11,10,51,Grocery,2
C0227,55,Male,Chennai,43724.52,5,2445.91,489.18,5,126,Home,0
C0228,47,Female,Mumbai,62406.71,6,9775.32,1629.22,6,81,Electronics,3
C0229,34,Male,Mumbai,62387.01,22,16628.05,755.82,22,15,Home,9
C0230,48,Male,Bengaluru,52473.7,12,8474.15,706.18,12,40,Fashion,5
C0231,49,Male,Chennai,37401.74,5,1818.98,363.8,5,109,Grocery,1
C0232,28,Male,Delhi,64628.96,6,12396.19,2066.03,6,73,Home,6
C0233,22,Male,Bengaluru,114561.06,19,25463.73,1340.2,19,17,Electronics,5
C0234,47,Male,Delhi,45067.49,10,6841.24,684.12,10,65,Home,8
C0235,42,Female,Hyderabad,38607.2,6,3175.34,529.22,6,76,Home,0
C0236,42,Male,Mumbai,64374.04,12,10653.09,887.76,12,42,Fashion,7
C0237,55,Male,Chennai,77902.36,22,15668.54,712.21,22,30,Grocery,4
C0238,39,Female,Bengaluru,53491.45,13,5558.84,427.6,13,50,Home,3
C0239,54,Female,Hyderabad,40290.37,7,2631.26,375.89,7,98,Grocery,1
C0240,44,Male,Chennai,51354.05,6,9480.21,1580.04,6,90,Grocery,2
C0241,34,Male,Bengaluru,86130.36,20,17819.73,890.99,20,11,Electronics,6
C0242,32,Male,Hyderabad,66500.0,14,7605.61,543.26,14,40,Electronics,3
C0243,32,Male,Delhi,32289.16,3,2728.95,909.65,3,113,Fashion,3
C0244,33,Female,Bengaluru,78688.93,5,8089.44,1617.89,5,86,Fashion,4
C0245,42,Female,Delhi,70075.54,19,18240.02,960.0,19,24,Electronics,7
C0246,31,Male,Hyderabad,39968.42,13,6646.66,511.28,13,46,Fashion,0
C0247,46,Male,Chennai,34464.95,4,1716.49,429.12,4,108,Grocery,0
C0248,67,Male,Hyderabad,55617.09,10,7784.26,778.43,10,70,Electronics,3
C0249,41,Female,Mumbai,74816.96,19,19720.53,1037.92,19,17,Electronics,7
C0250,28,Female,Mumbai,58730.82,14,7348.84,524.92,14,71,Fashion,4
C0251,28,Male,Chennai,36252.5,3,3020.33,1006.78,3,132,Electronics,2
C0252,40,Male,Hyderabad,64187.57,8,11452.89,1431.61,8,69,Fashion,3
C0253,45,Male,Bengaluru,53513.4,20,24227.88,1211.39,20,36,Grocery,3
C0254,25,Non-binary,Delhi,37407.98,12,10096.6,841.38,12,57,Electronics,3
C0255,33,Male,Bengaluru,28688.06,4,2757.67,689.42,4,82,Grocery,0
C0256,46,Male,Delhi,63960.73,8,11493.31,1436.66,8,83,Grocery,3
C0257,18,Female,Chennai,69047.8,20,19218.83,960.94,20,27,Grocery,7
C0258,46,Male,Bengaluru,56270.78,10,8418.85,841.88,10,33,Fashion,6
C0259,27,Female,Chennai,36899.35,5,3361.19,672.24,5,119,Grocery,0
C0260,34,Female,Chennai,80061.67,14,7940.42,567.17,14,84,Home,4
C0261,32,Male,Chennai,98634.16,26,13952.91,536.65,26,21,Electronics,8
C0262,41,Male,Chennai,52053.15,12,7103.73,591.98,12,50,Electronics,4
C0263,50,Female,Hyderabad,33294.38,5,2725.64,545.13,5,131,Electronics,0
C0264,40,Male,Delhi,60894.94,11,11220.1,1020.01,11,97,Home,4
C0265,45,Male,Delhi,114189.2,22,16080.98,730.95,22,27,Grocery,6
C0266,27,Female,Bengaluru,35032.33,10,5851.96,585.2,10,72,Fashion,1
C0267,38,Female,Bengaluru,40516.23,2,2223.7,1111.85,2,94,Fashion,0
C0268,29,Female,Hyderabad,70849.89,9,7308.34,812.04,9,88,Home,4
C0269,38,Female,Delhi,96344.27,22,18540.17,842.74,22,20,Electronics,9
C0270,29,Female,Hyderabad,67022.59,7,10252.82,1464.69,7,38,Home,2
C0271,56,Female,Bengaluru,37688.7,4,3719.4,929.85,4,112,Home,0
C0272,19,Female,Bengaluru,60659.2,10,10108.72,1010.87,10,83,Grocery,5
C0273,43,Non-binary,Hyderabad,68458.2,21,16088.46,766.12,21,22,Fashion,7
C0274,44,Male,Delhi,56533.64,13,6762.4,520.18,13,66,Fashion,2
C0275,38,Male,Bengaluru,31385.81,5,2417.11,483.42,5,78,Grocery,3
C0276,55,Female,Bengaluru,75938.46,5,11025.48,2205.1,5,66,Home,4
C0277,44,Female,Mumbai,81997.51,23,20612.07,896.18,23,22,Electronics,7
C0278,39,Male,Hyderabad,52683.54,11,7053.92,641.27,11,69,Electronics,1
C0279,37,Male,Mumbai,24310.86,3,2360.21,786.74,3,113,Fashion,0
C0280,39,Male,Chennai,77138.54,6,9223.45,1537.24,6,87,Fashion,3
C0281,46,Male,Bengaluru,84818.98,23,16675.59,725.03,23,12,Fashion,7
C0282,49,Male,Delhi,67764.1,10,9959.19,995.92,10,53,Fashion,2
C0283,27,Male,Delhi,34167.76,8,2975.74,371.97,8,106,Fashion,0
C0284,28,Male,Delhi,63377.42,8,11075.8,1384.48,8,92,Grocery,4
C0285,46,Female,Chennai,70009.4,21,23115.32,1100.73,21,17,Grocery,11
C0286,29,Female,Delhi,59937.51,13,9885.02,760.39,13,32,Electronics,3
C0287,44,Female,Hyderabad,38070.84,4,2359.42,589.86,4,102,Home,0
C0288,37,Female,Chennai,62299.95,3,10133.12,3377.71,3,103,Grocery,3
C0289,18,Female,Mumbai,84246.92,19,16562.31,871.7,19,32,Electronics,7
C0290,40,Male,Delhi,45639.61,15,7203.23,480.22,15,47,Grocery,5
C0291,41,Male,Mumbai,36560.37,4,1862.88,465.72,4,111,Electronics,0
C0292,27,Male,Bengaluru,38943.62,9,6943.81,771.53,9,71,Grocery,4
C0293,21,Male,Mumbai,86104.73,21,16215.47,772.17,21,24,Home,4
C0294,47,Female,Delhi,52949.81,13,9216.45,708.96,13,28,Electronics,1
C0295,20,Male,Delhi,41098.42,5,2136.1,427.22,5,104,Electronics,0
C0296,41,Male,Bengaluru,60881.04,10,7634.35,763.43,10,91,Home,5
C0297,32,Female,Hyderabad,81135.92,20,16265.02,813.25,20,11,Home,6
C0298,34,Male,Delhi,44468.37,13,3779.55,290.73,13,61,Electronics,3
C0299,44,Male,Chennai,40259.42,8,2305.74,288.22,8,117,Home,3
C0300,39,Female,Hyderabad,39375.49,9,10308.92,1145.44,9,86,Fashion,3
C0301,57,Male,Hyderabad,69828.53,21,18720.21,891.44,21,30,Electronics,8
C0302,46,Female,Bengaluru,50398.47,12,7820.52,651.71,12,65,Home,3
C0303,46,Male,Delhi,34160.15,6,2785.81,464.3,6,107,Electronics,2
C0304,38,Male,Delhi,71623.73,8,9649.18,1206.15,8,74,Electronics,4
C0305,27,Female,Mumbai,82603.48,22,17515.97,796.18,22,18,Fashion,7
C0306,21,Non-binary,Chennai,38818.95,16,6985.67,436.6,16,62,Home,2
C0307,49,Male,Bengaluru,30520.65,5,2610.76,522.15,5,84,Home,3
C0308,50,Male,Bengaluru,80651.88,5,10361.33,2072.27,5,66,Grocery,5
C0309,47,Male,Chennai,61083.06,24,13926.4,580.27,24,42,Home,9
C0310,58,Male,Mumbai,50194.06,12,7204.19,600.35,12,53,Fashion,3
C0311,62,Male,Delhi,38639.05,3,2785.22,928.41,3,140,Grocery,0
C0312,36,Male,Bengaluru,66997.93,4,4877.7,1219.42,4,95,Grocery,1
C0313,23,Male,Bengaluru,74675.71,21,23695.45,1128.35,21,22,Grocery,4
C0314,52,Male,Bengaluru,44722.4,10,6907.61,690.76,10,71,Grocery,2
C0315,26,Male,Mumbai,29755.63,7,1901.54,271.65,7,110,Home,0
C0316,59,Male,Delhi,65815.1,9,9346.15,1038.46,9,66,Electronics,5
C0317,56,Female,Bengaluru,89940.48,21,15345.03,730.72,21,30,Home,9
C0318,42,Female,Mumbai,45860.56,9,9750.14,1083.35,9,48,Fashion,3
C0319,41,Male,Mumbai,40123.68,9,2726.19,302.91,9,105,Grocery,0
C0320,31,Female,Mumbai,61110.12,3,8958.56,2986.19,3,78,Fashion,3
C0321,51,Female,Bengaluru,76626.72,18,18422.89,1023.49,18,32,Home,11
C0322,58,Male,Mumbai,56294.02,10,7513.25,751.32,10,73,Electronics,4
C0323,30,Female,Chennai,35261.93,4,3049.91,762.48,4,114,Electronics,1
C0324,19,Female,Chennai,57778.85,7,6575.5,939.36,7,75,Fashion,5
C0325,35,Female,Bengaluru,79175.06,19,20981.26,1104.28,19,34,Electronics,6
C0326,50,Female,Chennai,56553.64,10,7063.53,706.35,10,70,Fashion,2
C0327,64,Male,Hyderabad,36746.58,6,3100.09,516.68,6,71,Home,1
C0328,29,Female,Mumbai,64846.26,7,7614.95,1087.85,7,74,Home,4
C0329,55,Male,Chennai,80135.09,23,17730.05,770.87,23,18,Fashion,2
C0330,28,Male,Hyderabad,60149.63,11,6992.62,635.69,11,51,Electronics,4
C0331,37,Male,Bengaluru,33983.4,4,1607.37,401.84,4,95,Grocery,0
C0332,43,Male,Mumbai,49178.17,9,9578.92,1064.32,9,94,Home,4
C0333,22,Male,Bengaluru,76569.93,17,15309.56,900.56,17,24,Fashion,7
C0334,30,Male,Hyderabad,57911.65,11,6070.0,551.82,11,45,Electronics,1
C0335,28,Female,Hyderabad,34263.67,5,2530.46,506.09,5,117,Electronics,2
C0336,43,Female,Delhi,72992.2,7,12721.45,1817.35,7,80,Fashion,5
C0337,38,Male,Hyderabad,87140.63,20,16345.99,817.3,20,20,Grocery,10
C0338,49,Male,Delhi,53123.42,7,5571.35,795.91,7,60,Home,4
C0339,30,Female,Chennai,30472.35,7,2043.8,291.97,7,132,Home,2
C0340,29,Male,Mumbai,54873.48,10,9296.63,929.66,10,82,Home,4
C0341,38,Female,Hyderabad,101087.59,18,15559.97,864.44,18,7,Grocery,8
C0342,20,Male,Hyderabad,61353.84,12,8762.37,730.2,12,59,Electronics,1
C0343,21,Female,Bengaluru,40553.1,6,2271.43,378.57,6,113,Fashion,0
C0344,27,Male,Mumbai,58590.43,5,10707.42,2141.48,5,78,Electronics,3
C0345,37,Male,Mumbai,79230.27,23,15970.09,694.35,23,14,Fashion,8
C0346,43,Male,Chennai,64350.12,9,7467.58,829.73,9,60,Home,4
C0347,45,Female,Delhi,36136.71,3,2345.96,781.99,3,142,Fashion,0
C0348,41,Female,Bengaluru,66223.92,9,10473.25,1163.69,9,93,Home,3
C0349,39,Male,Hyderabad,99634.21,19,16862.43,887.5,19,11,Electronics,9
C0350,47,Female,Delhi,37001.17,12,10633.53,886.13,12,55,Fashion,3
C0351,18,Female,Bengaluru,42271.08,3,2587.45,862.48,3,110,Grocery,1
C0352,26,Female,Delhi,51017.25,7,6142.68,877.53,7,82,Grocery,3
C0353,37,Male,Delhi,72914.46,22,18039.17,819.96,22,15,Grocery,9
C0354,46,Female,Chennai,58988.24,12,8092.2,674.35,12,68,Fashion,0
C0355,74,Male,Bengaluru,35448.18,2,2722.89,1361.45,2,118,Electronics,0
C0356,29,Male,Bengaluru,75985.98,6,8457.04,1409.51,6,85,Home,4
C0357,22,Female,Delhi,98970.38,21,15416.43,734.12,21,25,Home,8
C0358,32,Female,Chennai,52233.47,11,8005.74,727.79,11,42,Home,0
C0359,47,Male,Delhi,39322.3,3,2162.66,720.89,3,132,Home,0
C0360,34,Male,Bengaluru,64651.11,5,9499.16,1899.83,5,58,Electronics,5
C0361,52,Female,Bengaluru,85216.04,19,13819.71,727.35,19,10,Grocery,8
C0362,34,Female,Delhi,74695.01,14,7624.68,544.62,14,43,Grocery,5
C0363,18,Female,Hyderabad,25789.52,4,2800.12,700.03,4,101,Fashion,4
C0364,36,Male,Bengaluru,66159.75,4,11813.98,2953.49,4,96,Fashion,2
C0365,32,Male,Mumbai,94184.26,21,17670.25,841.44,21,10,Home,10
C0366,18,Male,Chennai,65117.08,10,7495.73,749.57,10,55,Electronics,5
C0367,28,Male,Delhi,37638.96,8,2744.79,343.1,8,102,Electronics,3
C0368,40,Female,Chennai,66860.2,10,9880.57,988.06,10,91,Electronics,2
C0369,18,Female,Hyderabad,104282.34,21,17307.89,824.19,21,1,Grocery,3
C0370,50,Male,Bengaluru,52675.74,11,7591.33,690.12,11,85,Home,4
C0371,29,Male,Delhi,36390.33,1,2218.09,2218.09,1,125,Grocery,0
C0372,60,Male,Hyderabad,77800.95,6,12615.53,2102.59,6,85,Fashion,0
C0373,40,Female,Delhi,90420.98,20,20369.62,1018.48,20,22,Home,6
C0374,33,Male,Mumbai,50897.2,15,6818.99,454.6,15,30,Electronics,7
C0375,31,Female,Chennai,31545.8,6,2775.21,462.54,6,119,Fashion,2
C0376,48,Female,Bengaluru,74935.47,7,8214.38,1173.48,7,78,Grocery,2
C0377,65,Female,Mumbai,89132.85,24,17046.85,710.29,24,30,Fashion,9
C0378,52,Female,Mumbai,47640.38,12,5837.79,486.48,12,52,Electronics,2
C0379,44,Female,Mumbai,40330.65,7,3535.91,505.13,7,81,Fashion,3
C0380,49,Female,Hyderabad,81734.74,8,8043.57,1005.45,8,82,Grocery,4
C0381,24,Female,Bengaluru,77953.52,19,20735.94,1091.37,19,26,Fashion,6
C0382,44,Female,Delhi,51663.83,12,5806.77,483.9,12,43,Electronics,4
C0383,38,Female,Chennai,34407.11,7,2498.28,356.9,7,90,Fashion,3
C0384,43,Female,Mumbai,52817.36,11,11100.11,1009.1,11,83,Electronics,4
C0385,43,Female,Bengaluru,77196.19,23,23901.63,1039.2,23,29,Home,8
C0386,45,Male,Chennai,51449.74,13,8463.74,651.06,13,49,Electronics,3
C0387,51,Male,Mumbai,40745.82,2,2978.73,1489.36,2,115,Home,2
C0388,47,Female,Hyderabad,63106.76,10,9093.11,909.31,10,97,Electronics,0
C0389,59,Female,Hyderabad,71896.2,21,18611.65,886.27,21,18,Electronics,6
C0390,45,Female,Chennai,49922.24,9,8791.17,976.8,9,53,Home,7
C0391,33,Female,Chennai,27924.46,2,2379.33,1189.67,2,97,Home,2
C0392,30,Male,Mumbai,58462.01,8,12171.47,1521.43,8,88,Grocery,2
C0393,41,Female,Delhi,88588.5,22,20579.66,935.44,22,28,Home,6
C0394,21,Female,Chennai,62292.18,9,9657.2,1073.02,9,58,Fashion,5
C0395,41,Female,Hyderabad,39245.45,7,2298.84,328.41,7,116,Fashion,1
C0396,47,Male,Bengaluru,75739.92,8,8828.58,1103.57,8,75,Home,7
C0397,42,Female,Mumbai,95242.94,21,23739.41,1130.45,21,27,Electronics,9
C0398,32,Male,Mumbai,37518.53,12,7314.16,609.51,12,58,Home,3
C0399,39,Female,Mumbai,29817.29,4,2218.86,554.72,4,106,Grocery,1
C0400,18,Female,Bengaluru,54611.49,5,10742.3,2148.46,5,72,Electronics,1
C0401,57,Female,Mumbai,86645.07,21,15662.43,745.83,21,34,Home,8
C0402,44,Male,Mumbai,44768.23,9,7026.91,780.77,9,35,Fashion,0
C0403,18,Female,Delhi,41164.67,5,2640.56,528.11,5,119,Electronics,0
C0404,38,Male,Chennai,67958.39,8,11334.83,1416.85,8,90,Grocery,7
C0405,20,Female,Delhi,102990.81,21,18232.24,868.2,21,10,Home,7
C0406,18,Male,Chennai,71241.19,13,7818.1,601.39,13,71,Home,6
C0407,40,Female,Mumbai,37550.44,6,3335.52,555.92,6,103,Home,0
C0408,18,Male,Hyderabad,62518.16,7,12027.87,1718.27,7,104,Electronics,5
C0409,40,Female,Delhi,73752.01,22,16157.1,734.41,22,27,Electronics,8
C0410,28,Male,Hyderabad,61574.66,12,9853.03,821.09,12,46,Grocery,3
C0411,40,Male,Bengaluru,37294.13,4,2156.99,539.25,4,107,Fashion,3
C0412,19,Female,Hyderabad,42069.14,10,8441.98,844.2,10,54,Home,6
C0413,39,Male,Mumbai,82122.98,21,19688.58,937.55,21,32,Electronics,7
C0414,25,Male,Mumbai,44750.87,12,7191.95,599.33,12,55,Home,1
C0415,23,Male,Mumbai,41319.48,4,3236.53,809.13,4,115,Fashion,0
C0416,33,Female,Chennai,55466.5,6,8948.04,1491.34,6,83,Electronics,3
C0417,26,Male,Mumbai,65336.79,21,11890.17,566.2,21,22,Electronics,4
C0418,58,Male,Mumbai,42964.46,13,6485.12,498.86,13,55,Fashion,0
C0419,36,Male,Mumbai,23610.3,3,2199.61,733.2,3,97,Fashion,0
C0420,45,Male,Bengaluru,61701.09,9,7659.14,851.02,9,73,Electronics,5
C0421,34,Male,Delhi,97046.66,24,17542.58,730.94,24,10,Electronics,10
C0422,29,Female,Chennai,46448.22,9,7714.01,857.11,9,69,Fashion,0
C0423,43,Male,Hyderabad,35911.7,5,3738.35,747.67,5,97,Home,4
C0424,48,Female,Bengaluru,81796.61,9,8248.92,916.55,9,93,Electronics,0
C0425,48,Male,Chennai,86257.16,24,17870.88,744.62,24,38,Electronics,4
C0426,45,Male,Mumbai,49203.02,11,6506.79,591.53,11,62,Home,2
C0427,43,Male,Hyderabad,33396.98,2,2553.48,1276.74,2,114,Grocery,2
C0428,35,Male,Chennai,65530.23,11,8736.84,794.26,11,66,Grocery,5
C0429,56,Female,Hyderabad,76121.37,23,21934.25,953.66,23,17,Fashion,10
C0430,31,Male,Hyderabad,61951.45,9,9332.9,1036.99,9,39,Home,3
C0431,23,Male,Delhi,28211.1,7,2008.26,286.89,7,108,Home,3
C0432,43,Female,Mumbai,60257.35,8,11442.13,1430.27,8,78,Electronics,3
C0433,35,Female,Chennai,75876.1,21,14749.95,702.38,21,29,Fashion,6
C0434,18,Male,Hyderabad,55513.91,15,6163.08,410.87,15,73,Fashion,5
C0435,41,Male,Chennai,32411.75,4,2196.96,549.24,4,122,Grocery,3
C0436,31,Male,Bengaluru,59014.88,8,11289.44,1411.18,8,97,Home,3
C0437,22,Male,Delhi,63411.69,22,20809.01,945.86,22,16,Grocery,9
C0438,18,Female,Bengaluru,64253.69,7,7968.24,1138.32,7,57,Electronics,3
C0439,38,Female,Hyderabad,33039.53,6,2984.21,497.37,6,122,Grocery,1
C0440,30,Male,Bengaluru,61672.69,9,11204.44,1244.94,9,76,Fashion,3
C0441,18,Male,Bengaluru,106099.8,21,20790.69,990.03,21,24,Home,9
C0442,32,Male,Delhi,47988.18,13,7734.38,594.95,13,51,Home,2
C0443,50,Female,Delhi,38821.12,5,2482.95,496.59,5,121,Grocery,2
C0444,30,Male,Mumbai,60675.43,11,11368.34,1033.49,11,84,Electronics,3
C0445,41,Male,Chennai,100857.83,21,17312.92,824.42,21,26,Grocery,8
C0446,39,Female,Hyderabad,59956.0,14,10620.14,758.58,14,36,Fashion,3
C0447,42,Female,Bengaluru,36824.38,7,1689.92,241.42,7,87,Fashion,1
C0448,41,Male,Bengaluru,78019.87,5,8409.58,1681.92,5,68,Home,5
C0449,36,Male,Delhi,69890.99,22,16665.4,757.52,22,40,Grocery,6
C0450,37,Female,Chennai,57363.05,12,8102.41,675.2,12,52,Home,4
C0451,50,Male,Hyderabad,43062.49,5,2922.85,584.57,5,110,Grocery,2
C0452,53,Female,Chennai,70753.11,6,11197.84,1866.31,6,93,Electronics,5
C0453,40,Female,Bengaluru,77214.76,22,15345.94,697.54,22,1,Grocery,8
C0454,18,Male,Mumbai,63280.39,13,8885.88,683.53,13,43,Electronics,0
C0455,38,Female,Mumbai,27873.72,7,2245.05,320.72,7,100,Home,0
C0456,37,Female,Hyderabad,84614.19,8,7304.72,913.09,8,74,Electronics,4
C0457,28,Female,Hyderabad,84454.42,21,12317.63,586.55,21,32,Electronics,9
C0458,38,Non-binary,Hyderabad,40635.14,12,6631.17,552.6,12,61,Home,2
C0459,39,Male,Delhi,31347.11,4,3039.5,759.88,4,112,Fashion,0
C0460,41,Male,Bengaluru,70662.4,9,7164.82,796.09,9,72,Electronics,4
C0461,33,Female,Chennai,57330.16,23,15151.96,658.78,23,21,Grocery,7
C0462,45,Male,Mumbai,60129.47,8,6337.25,792.16,8,59,Fashion,2
C0463,36,Female,Chennai,42212.26,6,3006.69,501.12,6,113,Electronics,0
C0464,28,Male,Hyderabad,62866.15,6,12910.79,2151.8,6,81,Fashion,2
C0465,32,Female,Hyderabad,107831.3,23,20040.73,871.34,23,45,Fashion,5
C0466,52,Male,Chennai,60077.92,11,8151.02,741.0,11,48,Electronics,2
C0467,52,Female,Mumbai,41311.49,4,2422.31,605.58,4,112,Fashion,2
C0468,38,Male,Bengaluru,63880.68,5,10151.66,2030.33,5,85,Home,3
C0469,27,Female,Chennai,93649.98,20,17306.14,865.31,20,40,Home,10
C0470,41,Male,Bengaluru,51684.51,12,6518.85,543.24,12,56,Grocery,3
C0471,43,Non-binary,Bengaluru,33447.68,4,3095.12,773.78,4,136,Electronics,2
C0472,31,Female,Chennai,56521.33,8,10007.75,1250.97,8,67,Grocery,2
C0473,40,Female,Bengaluru,91368.21,21,9462.0,450.57,21,1,Grocery,11
C0474,47,Male,Hyderabad,38049.87,12,6053.89,504.49,12,40,Home,2
C0475,29,Male,Delhi,36747.43,5,3026.05,605.21,5,119,Grocery,0
C0476,38,Female,Delhi,73955.91,8,11401.34,1425.17,8,80,Electronics,1
C0477,50,Female,Chennai,76997.96,23,25851.01,1123.96,23,25,Grocery,8
C0478,33,Female,Chennai,54553.08,11,4511.66,410.15,11,56,Home,5
C0479,45,Female,Bengaluru,39946.09,4,2540.54,635.13,4,115,Electronics,0
C0480,34,Female,Chennai,39728.89,7,10603.74,1514.82,7,90,Electronics,4
C0481,32,Male,Delhi,93578.19,20,16230.87,811.54,20,22,Electronics,7
C0482,73,Male,Bengaluru,40025.04,13,6627.69,509.82,13,50,Grocery,1
C0483,61,Male,Bengaluru,36260.31,3,2433.98,811.33,3,96,Electronics,0
C0484,43,Female,Mumbai,75714.19,6,9916.39,1652.73,6,78,Fashion,4
C0485,43,Female,Delhi,87376.73,20,24545.98,1227.3,20,19,Grocery,9
C0486,49,Female,Hyderabad,58301.7,11,6040.41,549.13,11,45,Fashion,0
C0487,35,Male,Delhi,40531.02,4,2681.94,670.49,4,111,Electronics,0
C0488,18,Male,Mumbai,77315.93,7,5142.88,734.7,7,84,Electronics,6
C0489,33,Male,Delhi,85913.62,25,15040.18,601.61,25,12,Fashion,6
C0490,21,Female,Mumbai,57154.08,11,9360.95,851.0,11,53,Electronics,0
C0491,47,Male,Mumbai,23423.19,6,2848.35,474.72,6,94,Fashion,0
C0492,46,Male,Delhi,62814.89,8,10309.58,1288.7,8,86,Grocery,7
C0493,33,Female,Mumbai,85793.0,20,20395.09,1019.75,20,26,Fashion,4
C0494,62,Male,Delhi,49453.93,15,9363.77,624.25,15,62,Grocery,1
C0495,51,Male,Bengaluru,38394.65,8,2586.19,323.27,8,95,Electronics,0
C0496,23,Female,Hyderabad,72080.43,7,9245.35,1320.76,7,88,Fashion,4
C0497,18,Female,Delhi,62180.49,20,19819.64,990.98,20,43,Fashion,6
C0498,40,Male,Chennai,51617.2,14,7095.78,506.84,14,47,Fashion,5
C0499,25,Male,Delhi,40762.86,6,2754.43,459.07,6,123,Grocery,2
C0500,47,Male,Hyderabad,68516.18,9,7962.62,884.74,9,84,Electronics,5
C0501,55,Female,Mumbai,90420.0,20,18902.36,945.12,20,15,Fashion,9
C0502,21,Male,Mumbai,48953.84,8,6098.62,762.33,8,54,Fashion,2
C0503,30,Male,Mumbai,29705.05,3,2891.69,963.9,3,114,Fashion,3
C0504,30,Female,Mumbai,67722.64,10,12114.9,1211.49,10,85,Electronics,5
C0505,33,Female,Bengaluru,63671.09,23,17367.22,755.1,23,46,Electronics,7
C0506,33,Male,Hyderabad,47619.2,14,7571.45,540.82,14,51,Home,1
C0507,41,Non-binary,Chennai,43709.81,5,2672.71,534.54,5,96,Grocery,1
C0508,53,Female,Hyderabad,86039.27,10,9407.82,940.78,10,90,Grocery,1
C0509,25,Male,Chennai,88966.18,21,18002.27,857.25,21,2,Home,4
C0510,33,Male,Delhi,41826.22,14,7842.63,560.19,14,55,Fashion,7
C0511,37,Female,Mumbai,39691.9,3,2990.19,996.73,3,124,Fashion,0
C0512,24,Male,Bengaluru,58028.97,11,10197.73,927.07,11,88,Home,5
C0513,47,Female,Delhi,97255.62,25,23186.65,927.47,25,30,Electronics,9
C0514,54,Female,Chennai,52548.17,10,9046.88,904.69,10,24,Electronics,0
C0515,38,Male,Bengaluru,31249.96,5,2855.1,571.02,5,118,Electronics,2
C0516,33,Male,Bengaluru,64878.17,6,11205.99,1867.66,6,53,Grocery,6
C0517,37,Male,Chennai,83368.79,19,19067.42,1003.55,19,21,Home,9
C0518,33,Female,Delhi,58741.23,14,7822.19,558.73,14,46,Electronics,4
C0519,38,Male,Mumbai,40438.63,1,3023.82,3023.82,1,126,Fashion,0
C0520,44,Male,Delhi,58702.74,5,10993.15,2198.63,5,86,Fashion,1
C0521,28,Female,Chennai,71009.08,19,16468.75,866.78,19,27,Electronics,9
C0522,21,Female,Delhi,60321.91,11,6392.91,581.17,11,59,Grocery,8
C0523,30,Female,Delhi,33319.48,2,2968.97,1484.48,2,118,Home,0
C0524,41,Male,Mumbai,49587.55,6,7653.62,1275.6,6,62,Fashion,4
C0525,40,Male,Bengaluru,122168.07,22,14840.45,674.57,22,9,Home,10
C0526,27,Female,Delhi,48301.3,12,7624.27,635.36,12,61,Electronics,4
C0527,36,Male,Hyderabad,30220.81,5,2924.71,584.94,5,104,Fashion,0
C0528,51,Female,Hyderabad,53141.96,8,8823.35,1102.92,8,80,Home,4
C0529,45,Male,Mumbai,107919.63,23,20402.61,887.07,23,21,Fashion,7
C0530,29,Female,Bengaluru,62946.62,15,8443.12,562.87,15,44,Fashion,1
C0531,48,Female,Chennai,32868.72,2,1861.78,930.89,2,123,Electronics,0
C0532,58,Male,Chennai,72590.18,10,12026.6,1202.66,10,55,Fashion,8
C0533,43,Female,Mumbai,75090.2,21,17477.56,832.26,21,14,Electronics,10
C0534,29,Female,Chennai,54669.97,12,7032.85,586.07,12,54,Fashion,0
C0535,38,Female,Delhi,43503.48,3,1681.79,560.6,3,104,Electronics,3
C0536,33,Female,Hyderabad,57501.07,5,9882.49,1976.5,5,56,Electronics,2
C0537,58,Female,Delhi,93723.88,20,15071.15,753.56,20,23,Home,7
C0538,42,Male,Delhi,42790.64,10,8095.78,809.58,10,64,Electronics,0
C0539,32,Female,Chennai,34889.28,1,1763.31,1763.31,1,105,Home,1
C0540,46,Non-binary,Bengaluru,62109.73,4,10001.28,2500.32,4,75,Fashion,0
C0541,44,Female,Mumbai,71026.35,21,18078.1,860.86,21,24,Grocery,5
C0542,36,Male,Hyderabad,45955.71,15,5431.44,362.1,15,57,Grocery,2
C0543,52,Female,Chennai,25929.51,3,2693.81,897.94,3,93,Home,0
C0544,25,Male,Hyderabad,84896.87,4,11214.78,2803.69,4,92,Electronics,2
C0545,23,Female,Hyderabad,80411.43,22,17051.88,775.09,22,26,Home,8
C0546,52,Female,Delhi,53522.04,11,7228.12,657.1,11,61,Grocery,2
C0547,24,Female,Hyderabad,36591.77,1,3103.82,3103.82,1,130,Fashion,1
C0548,19,Male,Chennai,60767.37,7,11690.41,1670.06,7,85,Home,0
C0549,47,Male,Chennai,99683.77,24,21534.01,897.25,24,16,Home,4
C0550,18,Male,Chennai,48942.35,11,7449.55,677.23,11,69,Grocery,1
C0551,28,Male,Delhi,33096.71,3,2790.05,930.02,3,119,Electronics,0
C0552,18,Female,Bengaluru,63712.78,6,11115.53,1852.59,6,90,Fashion,2
C0553,56,Female,Delhi,96619.11,22,16762.2,761.92,22,23,Fashion,8
C0554,30,Female,Hyderabad,56016.93,11,8004.33,727.67,11,56,Electronics,2
C0555,29,Male,Bengaluru,22643.36,4,2649.96,662.49,4,118,Home,0
C0556,33,Female,Bengaluru,57732.32,8,7374.34,921.79,8,83,Grocery,3
C0557,30,Female,Hyderabad,87399.96,20,11107.84,555.39,20,1,Home,8
C0558,41,Female,Delhi,38513.81,13,8677.78,667.52,13,75,Electronics,2
C0559,36,Female,Bengaluru,42161.8,5,2395.19,479.04,5,107,Home,1
C0560,38,Female,Mumbai,69264.1,3,7110.18,2370.06,3,97,Electronics,3
C0561,38,Female,Bengaluru,76006.19,20,19335.34,966.77,20,22,Fashion,11
C0562,33,Non-binary,Chennai,55614.42,16,9615.04,600.94,16,45,Electronics,3
C0563,38,Female,Delhi,39632.27,3,1584.3,528.1,3,103,Home,0
C0564,54,Male,Bengaluru,78152.52,6,14021.23,2336.87,6,74,Electronics,1
C0565,43,Male,Chennai,87513.09,23,18638.11,810.35,23,13,Fashion,10
C0566,40,Female,Mumbai,52362.82,9,8882.96,987.0,9,67,Home,7
C0567,24,Male,Delhi,40122.7,4,2391.56,597.89,4,123,Electronics,0
C0568,31,Female,Delhi,59865.9,10,11454.61,1145.46,10,67,Grocery,1
C0569,18,Female,Delhi,114779.84,22,16673.43,757.88,22,27,Fashion,8
C0570,33,Female,Chennai,39496.09,11,8214.66,746.79,11,54,Home,7
C0571,18,Non-binary,Chennai,27326.65,7,3370.86,481.55,7,140,Electronics,4
C0572,44,Non-binary,Chennai,74604.84,6,9316.66,1552.78,6,80,Grocery,3
C0573,43,Female,Chennai,93428.17,22,18954.93,861.59,22,24,Electronics,6
C0574,24,Non-binary,Bengaluru,63246.62,10,8488.13,848.81,10,52,Electronics,4
C0575,28,Male,Mumbai,33139.01,3,2331.67,777.22,3,93,Home,2
C0576,26,Male,Mumbai,71861.8,9,10302.79,1144.75,9,75,Grocery,4
C0577,40,Male,Delhi,99263.15,23,24684.01,1073.22,23,10,Fashion,11
C0578,42,Female,Chennai,54516.93,11,7049.33,640.85,11,38,Electronics,4
C0579,34,Female,Mumbai,32709.57,3,2531.99,844.0,3,124,Grocery,0
C0580,64,Male,Bengaluru,63744.28,1,9891.75,9891.75,1,76,Grocery,1
C0581,34,Male,Bengaluru,74418.79,21,18125.42,863.12,21,8,Fashion,5
C0582,37,Female,Chennai,45205.04,9,4636.93,515.21,9,61,Fashion,2
C0583,41,Male,Delhi,32600.46,7,2716.75,388.11,7,126,Electronics,2
C0584,43,Male,Mumbai,66336.6,6,9450.0,1575.0,6,95,Electronics,2
C0585,42,Female,Chennai,87132.71,19,14250.94,750.05,19,29,Grocery,8
C0586,29,Male,Chennai,29906.67,10,6571.29,657.13,10,57,Fashion,5
C0587,58,Female,Hyderabad,35685.34,6,2666.14,444.36,6,115,Grocery,1
C0588,43,Male,Chennai,73791.69,4,9699.94,2424.99,4,63,Grocery,4
C0589,43,Male,Bengaluru,97118.32,26,19070.33,733.47,26,62,Electronics,10
C0590,35,Female,Chennai,56837.38,14,7380.5,527.18,14,70,Electronics,2
C0591,46,Female,Mumbai,38223.94,8,2589.44,323.68,8,104,Electronics,2
C0592,38,Female,Bengaluru,72478.13,9,7611.41,845.71,9,81,Electronics,2
C0593,45,Female,Bengaluru,100578.98,19,19267.17,1014.06,19,19,Home,8
C0594,41,Female,Chennai,38620.96,14,6398.53,457.04,14,37,Home,4
C0595,26,Female,Hyderabad,44943.18,4,2080.7,520.18,4,113,Electronics,0
C0596,31,Male,Bengaluru,54016.95,8,8746.63,1093.33,8,82,Home,3
C0597,26,Female,Hyderabad,69053.64,21,21930.33,1044.3,21,41,Grocery,6
C0598,50,Male,Chennai,40900.94,11,7339.6,667.24,11,57,Electronics,1
C0599,27,Female,Mumbai,39696.31,5,2615.29,523.06,5,108,Grocery,0
C0600,18,Male,Bengaluru,56058.1,5,7407.37,1481.47,5,84,Grocery,3
C0601,45,Female,Bengaluru,102082.18,19,19921.27,1048.49,19,21,Fashion,10
C0602,46,Male,Mumbai,51738.27,15,8884.69,592.31,15,78,Electronics,4
C0603,23,Female,Chennai,38440.59,4,1799.73,449.93,4,118,Electronics,0
C0604,48,Female,Chennai,63233.37,3,8136.21,2712.07,3,84,Fashion,3
C0605,40,Male,Delhi,102904.97,28,15720.82,561.46,28,24,Electronics,4
C0606,46,Male,Hyderabad,52016.76,9,8049.34,894.37,9,51,Electronics,0
C0607,61,Female,Delhi,27111.92,9,3631.87,403.54,9,102,Electronics,5
C0608,49,Male,Hyderabad,63600.16,5,7477.1,1495.42,5,75,Grocery,0
C0609,45,Male,Chennai,80795.05,21,16034.72,763.56,21,12,Electronics,9
C0610,36,Female,Delhi,46204.5,12,7687.9,640.66,12,49,Grocery,0
C0611,42,Female,Chennai,45813.53,2,3312.31,1656.15,2,83,Grocery,0
C0612,32,Female,Delhi,78189.58,10,10527.77,1052.78,10,76,Electronics,7
C0613,38,Female,Hyderabad,77435.29,20,13927.18,696.36,20,10,Grocery,6
C0614,31,Male,Mumbai,64389.0,11,6105.92,555.08,11,39,Grocery,0
C0615,21,Female,Mumbai,34800.08,2,2770.98,1385.49,2,99,Fashion,1
C0616,57,Female,Chennai,69927.16,6,9032.68,1505.45,6,96,Home,3
C0617,31,Male,Mumbai,89182.03,25,26063.47,1042.54,25,14,Fashion,6
C0618,37,Female,Delhi,66930.23,11,6921.25,629.2,11,31,Grocery,6
C0619,21,Male,Hyderabad,39717.01,4,2317.09,579.27,4,106,Grocery,4
C0620,30,Male,Delhi,62335.8,7,10929.76,1561.39,7,83,Electronics,1
C0621,47,Male,Hyderabad,83643.87,19,18527.86,975.15,19,32,Fashion,7
C0622,30,Male,Hyderabad,57191.04,12,7691.51,640.96,12,69,Grocery,2
C0623,54,Male,Delhi,31342.09,5,3250.11,650.02,5,119,Electronics,0
C0624,22,Male,Bengaluru,66233.76,10,10379.27,1037.93,10,81,Grocery,2
C0625,42,Female,Mumbai,100893.68,21,17543.52,835.41,21,24,Home,6
C0626,57,Female,Chennai,55572.32,14,6955.36,496.81,14,63,Electronics,0
C0627,41,Male,Mumbai,45982.51,5,2879.13,575.83,5,101,Fashion,0
C0628,30,Female,Hyderabad,64402.18,5,11709.07,2341.81,5,75,Grocery,0
C0629,26,Female,Delhi,93053.42,21,19257.95,917.05,21,27,Grocery,5
C0630,38,Female,Bengaluru,53597.08,13,6831.72,525.52,13,60,Fashion,1
C0631,31,Male,Delhi,46569.81,1,3139.8,3139.8,1,112,Home,0
C0632,33,Female,Delhi,79047.99,9,10008.28,1112.03,9,71,Home,6
C0633,56,Male,Hyderabad,81422.48,24,16988.17,707.84,24,14,Electronics,9
C0634,28,Female,Delhi,39771.11,12,6487.44,540.62,12,52,Fashion,4
C0635,21,Female,Delhi,50353.63,5,1666.07,333.21,5,108,Electronics,2
C0636,26,Male,Bengaluru,60453.8,5,9547.61,1909.52,5,102,Grocery,4
C0637,33,Female,Bengaluru,86134.18,22,22771.9,1035.09,22,24,Home,6
C0638,52,Female,Bengaluru,48108.85,13,7378.57,567.58,13,49,Grocery,0
C0639,47,Male,Delhi,31671.41,6,2031.26,338.54,6,101,Home,0
C0640,57,Female,Hyderabad,57894.11,8,7830.98,978.87,8,73,Home,4
C0641,18,Male,Delhi,66920.47,25,18128.79,725.15,25,5,Electronics,8
C0642,43,Female,Hyderabad,67397.63,12,2551.07,212.59,12,39,Home,2
C0643,46,Male,Mumbai,23916.51,8,2718.93,339.87,8,111,Home,0
C0644,43,Male,Chennai,68025.4,8,9400.98,1175.12,8,85,Fashion,2
C0645,29,Female,Bengaluru,90045.57,20,16775.94,838.8,20,28,Fashion,7
C0646,18,Non-binary,Delhi,45191.0,13,7957.21,612.09,13,80,Home,1
C0647,38,Female,Bengaluru,38064.21,4,2938.7,734.67,4,127,Electronics,2
C0648,61,Female,Chennai,77906.14,7,10054.69,1436.38,7,79,Fashion,0
C0649,41,Male,Mumbai,94858.47,20,14573.71,728.69,20,36,Home,8
C0650,43,Male,Bengaluru,46540.93,16,5124.46,320.28,16,44,Electronics,3
C0651,22,Female,Mumbai,35453.83,5,3150.82,630.16,5,102,Fashion,3
C0652,35,Female,Bengaluru,73555.91,8,7904.12,988.02,8,82,Fashion,4
C0653,36,Male,Chennai,77423.54,19,17554.14,923.9,19,21,Electronics,5
C0654,42,Male,Mumbai,54918.52,9,7792.87,865.87,9,53,Electronics,2
C0655,51,Female,Bengaluru,39544.07,1,3587.47,3587.47,1,99,Grocery,0
C0656,33,Female,Delhi,75634.13,7,12478.71,1782.67,7,69,Grocery,2
C0657,28,Female,Delhi,98731.13,21,13237.44,630.35,21,2,Fashion,6
C0658,52,Male,Mumbai,58461.4,13,9103.53,700.27,13,74,Grocery,0
C0659,19,Female,Bengaluru,47022.11,4,1810.04,452.51,4,108,Fashion,0
C0660,53,Male,Chennai,69461.07,5,9428.53,1885.71,5,87,Fashion,1
C0661,27,Male,Bengaluru,108753.58,20,18399.06,919.95,20,12,Electronics,9
C0662,21,Female,Delhi,62501.81,9,6988.28,776.48,9,52,Electronics,3
C0663,45,Male,Chennai,29075.23,1,2430.26,2430.26,1,89,Fashion,0
C0664,47,Female,Chennai,45245.09,12,9381.91,781.83,12,76,Fashion,5
C0665,55,Male,Bengaluru,92580.29,20,17400.89,870.04,20,39,Grocery,6
C0666,42,Female,Chennai,46302.03,8,7400.45,925.06,8,48,Home,2
C0667,35,Male,Mumbai,32818.63,8,2673.66,334.21,8,86,Grocery,0
C0668,39,Male,Hyderabad,62971.49,7,8097.12,1156.73,7,74,Fashion,6
C0669,50,Male,Chennai,91979.16,20,14566.95,728.35,20,33,Electronics,7
C0670,45,Male,Bengaluru,50728.29,10,7174.33,717.43,10,57,Fashion,3
C0671,28,Female,Mumbai,38275.38,7,2632.53,376.08,7,96,Home,0
C0672,19,Female,Mumbai,52025.4,7,11107.98,1586.85,7,98,Grocery,3
C0673,48,Female,Chennai,90011.4,23,15938.55,692.98,23,13,Grocery,11
C0674,48,Female,Chennai,58869.83,12,8187.02,682.25,12,29,Electronics,4
C0675,38,Female,Bengaluru,27015.06,6,2584.01,430.67,6,117,Grocery,0
C0676,47,Male,Delhi,57361.49,7,6317.95,902.56,7,62,Electronics,1
C0677,49,Female,Hyderabad,80093.6,21,18842.06,897.24,21,1,Fashion,10
C0678,30,Female,Delhi,36712.38,11,6630.78,602.8,11,70,Electronics,1
C0679,37,Male,Hyderabad,38824.81,3,2673.67,891.22,3,104,Grocery,3
C0680,23,Non-binary,Bengaluru,69417.27,5,8345.52,1669.1,5,61,Fashion,5
C0681,48,Male,Hyderabad,83366.44,20,21248.51,1062.43,20,30,Grocery,6
C0682,51,Female,Hyderabad,51508.27,8,9314.08,1164.26,8,58,Home,1
C0683,45,Male,Bengaluru,37287.71,6,2842.63,473.77,6,105,Home,0
C0684,55,Non-binary,Chennai,64178.03,8,9848.03,1231.0,8,90,Home,5
C0685,45,Male,Bengaluru,93463.33,20,23568.1,1178.4,20,21,Fashion,8
C0686,50,Male,Delhi,51016.75,14,8277.09,591.22,14,58,Electronics,3
C0687,27,Male,Hyderabad,33620.65,5,3148.6,629.72,5,81,Grocery,0
C0688,73,Non-binary,Chennai,60332.99,12,8892.72,741.06,12,87,Electronics,6
C0689,32,Male,Mumbai,88827.83,25,18641.56,745.66,25,13,Electronics,5
C0690,41,Female,Mumbai,54611.99,9,9477.12,1053.01,9,60,Grocery,3
C0691,47,Non-binary,Chennai,37949.29,3,2469.72,823.24,3,107,Fashion,0
C0692,37,Male,Hyderabad,73530.2,7,7958.89,1136.98,7,99,Home,2
C0693,34,Female,Mumbai,81445.35,18,17967.93,998.22,18,24,Electronics,3
C0694,37,Male,Bengaluru,55052.96,13,8869.32,682.26,13,51,Fashion,4
C0695,26,Male,Chennai,39678.94,6,2789.11,464.85,6,133,Electronics,2
C0696,35,Male,Delhi,65389.23,11,8955.61,814.15,11,61,Home,1
C0697,44,Non-binary,Chennai,68922.89,21,15237.33,725.59,21,15,Home,10
C0698,52,Male,Hyderabad,45501.37,11,8204.2,745.84,11,43,Grocery,3
C0699,38,Male,Bengaluru,32278.97,6,1589.6,264.93,6,118,Grocery,0
C0700,41,Non-binary,Chennai,78602.28,6,9147.04,1524.51,6,67,Grocery,2
C0701,42,Male,Hyderabad,85577.56,21,20244.75,964.04,21,12,Fashion,6
C0702,30,Male,Chennai,50419.76,10,9554.52,955.45,10,63,Grocery,8
C0703,27,Male,Hyderabad,36219.37,2,2368.36,1184.18,2,117,Home,1
C0704,36,Male,Bengaluru,75462.86,7,4931.06,704.44,7,63,Grocery,4
C0705,37,Male,Bengaluru,88322.06,19,10928.65,575.19,19,7,Home,10
C0706,33,Female,Chennai,53288.46,10,5293.69,529.37,10,51,Grocery,5
C0707,19,Female,Delhi,36883.18,4,2565.89,641.47,4,112,Home,0
C0708,41,Male,Hyderabad,59960.6,7,10276.05,1468.01,7,90,Grocery,2
C0709,25,Female,Hyderabad,72359.77,26,18050.49,694.25,26,36,Grocery,7
C0710,27,Male,Mumbai,44199.78,9,9103.35,1011.48,9,51,Grocery,1
C0711,55,Female,Delhi,36096.57,3,1575.55,525.18,3,110,Grocery,1
C0712,18,Female,Mumbai,70430.13,7,11286.65,1612.38,7,66,Grocery,2
C0713,18,Male,Chennai,86665.83,22,14576.02,662.55,22,1,Home,6
C0714,53,Male,Hyderabad,48177.59,16,7510.64,469.42,16,45,Fashion,4
C0715,24,Female,Mumbai,38032.12,1,2786.48,2786.48,1,133,Home,0
C0716,34,Male,Chennai,55915.21,8,7704.61,963.08,8,80,Home,7
C0717,26,Female,Hyderabad,93291.78,20,18034.74,901.74,20,29,Electronics,10
C0718,41,Male,Mumbai,42251.39,12,6502.35,541.86,12,45,Electronics,4
C0719,20,Male,Mumbai,34810.84,1,3055.67,3055.67,1,93,Home,1
C0720,51,Female,Bengaluru,49240.94,7,5508.51,786.93,7,87,Grocery,3
C0721,35,Female,Delhi,59163.67,18,18183.73,1010.21,18,19,Grocery,7
C0722,33,Male,Chennai,58695.33,12,6564.17,547.01,12,55,Home,4
C0723,63,Non-binary,Bengaluru,30390.63,2,3213.37,1606.68,2,124,Grocery,1
C0724,45,Female,Chennai,56189.72,4,6699.43,1674.86,4,70,Grocery,0
C0725,45,Female,Mumbai,92746.61,19,16945.44,891.87,19,4,Fashion,11
C0726,40,Female,Delhi,51658.66,13,9716.65,747.43,13,53,Home,0
C0727,51,Male,Delhi,42025.22,8,2756.71,344.59,8,111,Fashion,2
C0728,30,Male,Delhi,47732.13,6,10814.49,1802.41,6,99,Home,1
C0729,41,Male,Mumbai,102221.89,21,18241.54,868.64,21,7,Home,8
C0730,31,Male,Mumbai,53367.2,13,7714.0,593.38,13,57,Fashion,4
C0731,45,Male,Mumbai,37044.57,3,2524.21,841.4,3,106,Home,0
C0732,30,Female,Chennai,75402.37,8,10190.69,1273.84,8,78,Fashion,0
C0733,43,Male,Delhi,76770.91,21,13740.91,654.33,21,31,Grocery,9
C0734,22,Non-binary,Bengaluru,42650.55,13,7982.37,614.03,13,65,Fashion,4
C0735,39,Male,Hyderabad,32913.45,3,2591.73,863.91,3,97,Grocery,1
C0736,53,Female,Mumbai,53634.19,9,9271.35,1030.15,9,77,Grocery,4
C0737,44,Male,Bengaluru,95473.85,20,18488.01,924.4,20,9,Fashion,7
C0738,31,Female,Delhi,52548.97,12,8548.38,712.36,12,58,Electronics,0
C0739,23,Male,Mumbai,35262.11,5,2582.18,516.44,5,119,Fashion,0
C0740,62,Female,Delhi,70839.18,8,10359.16,1294.9,8,75,Home,4
C0741,40,Non-binary,Delhi,97004.94,21,19604.64,933.55,21,11,Electronics,7
C0742,65,Male,Bengaluru,37505.16,12,6804.88,567.07,12,73,Fashion,5
C0743,37,Male,Mumbai,26723.07,9,2273.12,252.57,9,107,Fashion,0
C0744,43,Female,Hyderabad,39012.26,5,6615.71,1323.14,5,93,Electronics,3
C0745,33,Female,Chennai,87957.58,22,17980.59,817.3,22,7,Electronics,9
C0746,18,Male,Hyderabad,40770.17,7,8650.78,1235.83,7,35,Home,5
C0747,34,Female,Mumbai,31370.37,2,2115.45,1057.72,2,94,Grocery,1
C0748,50,Male,Hyderabad,65053.78,7,10004.91,1429.27,7,89,Electronics,7
C0749,39,Female,Mumbai,65997.11,20,18274.57,913.73,20,30,Electronics,7
C0750,27,Female,Bengaluru,50266.22,12,7431.51,619.29,12,59,Electronics,3
C0751,55,Male,Bengaluru,30166.9,6,2881.75,480.29,6,108,Fashion,2
C0752,36,Female,Bengaluru,66013.78,7,12277.61,1753.94,7,87,Electronics,1
C0753,36,Male,Mumbai,100334.03,18,17871.89,992.88,18,49,Grocery,8
C0754,46,Male,Chennai,54410.95,8,9693.34,1211.67,8,60,Grocery,2
C0755,31,Female,Delhi,38733.2,8,2511.18,313.9,8,93,Electronics,3
C0756,32,Male,Mumbai,74484.24,5,7642.98,1528.6,5,58,Home,2
C0757,19,Male,Chennai,111480.11,21,13622.27,648.68,21,19,Home,5
C0758,35,Female,Bengaluru,58103.98,12,10037.98,836.5,12,54,Fashion,3
C0759,18,Female,Delhi,37320.82,6,2412.35,402.06,6,107,Grocery,1
C0760,61,Male,Bengaluru,61678.1,9,7098.02,788.67,9,78,Grocery,6
C0761,45,Male,Hyderabad,85190.05,20,19155.41,957.77,20,29,Fashion,6
C0762,28,Female,Delhi,59089.68,11,7238.9,658.08,11,61,Electronics,4
C0763,37,Female,Mumbai,32230.71,6,2353.31,392.22,6,106,Fashion,0
C0764,49,Female,Bengaluru,66512.59,7,7598.05,1085.44,7,96,Electronics,5
C0765,51,Female,Bengaluru,79978.98,20,24341.8,1217.09,20,8,Grocery,9
C0766,40,Male,Hyderabad,33415.94,11,8070.92,733.72,11,66,Electronics,1
C0767,37,Female,Delhi,36179.22,5,3263.85,652.77,5,115,Fashion,2
C0768,34,Female,Delhi,55958.32,3,9341.36,3113.79,3,87,Home,3
C0769,41,Male,Delhi,82646.71,22,21316.76,968.94,22,52,Electronics,7
C0770,31,Female,Delhi,33484.88,11,9048.19,822.56,11,56,Home,2
C0771,50,Non-binary,Mumbai,29798.67,5,1890.6,378.12,5,122,Grocery,0
C0772,50,Male,Bengaluru,67415.84,10,8347.77,834.78,10,70,Fashion,0
C0773,33,Female,Mumbai,80802.58,22,19838.85,901.77,22,29,Grocery,7
C0774,43,Female,Mumbai,42599.69,12,5767.68,480.64,12,63,Electronics,0
C0775,46,Female,Hyderabad,35056.4,2,2670.61,1335.3,2,95,Home,0
C0776,50,Female,Chennai,68400.48,12,9784.22,815.35,12,91,Electronics,3
C0777,41,Female,Hyderabad,80339.13,25,21253.31,850.13,25,36,Home,10
C0778,46,Male,Chennai,34284.16,10,5864.37,586.44,10,58,Fashion,1
C0779,30,Male,Mumbai,38204.42,8,2433.43,304.18,8,117,Electronics,1
C0780,34,Male,Bengaluru,66307.01,4,9604.44,2401.11,4,71,Home,2
C0781,24,Male,Delhi,110340.94,22,22653.01,1029.68,22,17,Fashion,9
C0782,39,Female,Hyderabad,56757.88,12,8583.07,715.26,12,41,Fashion,0
C0783,28,Male,Chennai,29368.91,5,1958.62,391.72,5,108,Fashion,2
C0784,56,Female,Mumbai,80054.41,5,11302.04,2260.41,5,71,Home,3
C0785,41,Female,Delhi,64755.78,21,19873.33,946.35,21,31,Fashion,5
C0786,52,Female,Mumbai,52337.51,10,9966.94,996.69,10,72,Home,6
C0787,18,Female,Hyderabad,31942.4,6,2468.34,411.39,6,96,Electronics,3
C0788,43,Male,Hyderabad,41626.87,7,10681.36,1525.91,7,76,Electronics,4
C0789,32,Female,Bengaluru,86135.2,25,20294.3,811.77,25,49,Grocery,5
C0790,29,Female,Bengaluru,56181.89,13,7487.0,575.92,13,44,Grocery,6
C0791,25,Female,Bengaluru,37234.35,3,2895.97,965.32,3,104,Grocery,1
C0792,22,Male,Chennai,64538.83,5,8670.93,1734.19,5,95,Fashion,2
C0793,29,Female,Mumbai,65120.82,25,23661.65,946.47,25,8,Grocery,6
C0794,31,Female,Delhi,57634.57,14,7289.37,520.67,14,51,Electronics,2
C0795,48,Male,Delhi,28452.79,5,2607.79,521.56,5,65,Home,0
C0796,46,Male,Delhi,76010.99,7,8108.9,1158.41,7,91,Fashion,5
C0797,34,Male,Chennai,89455.25,19,15170.06,798.42,19,16,Home,8
C0798,40,Male,Hyderabad,47793.56,9,4687.61,520.85,9,68,Electronics,6
C0799,27,Non-binary,Chennai,30681.42,4,2222.42,555.6,4,110,Home,0
C0800,43,Female,Delhi,86648.4,6,12784.29,2130.71,6,74,Home,5
C0801,33,Female,Chennai,91150.66,24,18261.94,760.91,24,4,Fashion,8
C0802,18,Male,Bengaluru,60395.03,12,8601.2,716.77,12,44,Home,2
C0803,41,Female,Chennai,30561.27,2,3027.85,1513.92,2,95,Home,0
C0804,51,Female,Bengaluru,65557.57,6,8058.42,1343.07,6,99,Fashion,2
C0805,29,Male,Chennai,57797.25,25,20567.93,822.72,25,29,Home,5
C0806,29,Female,Mumbai,56278.48,11,7935.65,721.42,11,27,Electronics,4
C0807,18,Male,Chennai,26429.4,3,2385.86,795.29,3,110,Grocery,3
C0808,25,Female,Mumbai,58193.37,10,9583.9,958.39,10,72,Fashion,3
C0809,44,Male,Delhi,77411.57,20,19533.14,976.66,20,1,Fashion,8
C0810,47,Female,Chennai,63519.36,12,5845.42,487.12,12,50,Fashion,1
C0811,46,Male,Mumbai,36233.4,4,2700.64,675.16,4,120,Home,0
C0812,47,Female,Chennai,71920.51,6,9497.3,1582.88,6,87,Electronics,4
C0813,61,Female,Bengaluru,94543.36,20,15091.8,754.59,20,28,Grocery,6
C0814,45,Female,Delhi,61117.52,12,9735.7,811.31,12,55,Electronics,10
C0815,31,Male,Bengaluru,38736.45,3,2982.14,994.05,3,114,Electronics,0
C0816,20,Female,Chennai,56987.58,4,7747.71,1936.93,4,68,Fashion,4
C0817,40,Female,Mumbai,79654.1,18,13783.39,765.74,18,20,Grocery,6
C0818,25,Female,Chennai,43929.73,13,6600.85,507.76,13,53,Fashion,0
C0819,38,Female,Chennai,33454.83,3,2158.45,719.48,3,127,Fashion,0
C0820,25,Non-binary,Mumbai,54891.36,9,8891.72,987.97,9,73,Home,2
C0821,36,Female,Delhi,82343.68,22,18784.38,853.84,22,24,Fashion,11
C0822,33,Male,Delhi,38935.26,14,8532.84,609.49,14,51,Fashion,0
C0823,45,Male,Mumbai,46482.05,6,2720.92,453.49,6,118,Fashion,1
C0824,50,Male,Hyderabad,52767.65,4,12913.27,3228.32,4,85,Home,3
C0825,18,Male,Chennai,73148.7,20,21381.91,1069.1,20,32,Home,4
C0826,51,Non-binary,Chennai,55105.86,11,4627.77,420.71,11,68,Grocery,2
C0827,45,Male,Hyderabad,35420.7,3,2919.44,973.15,3,131,Fashion,0
C0828,37,Non-binary,Mumbai,81199.56,8,9204.6,1150.58,8,77,Electronics,1
C0829,23,Female,Delhi,74555.23,22,10088.99,458.59,22,16,Electronics,10
C0830,39,Female,Mumbai,38150.94,11,9028.98,820.82,11,47,Fashion,4
C0831,40,Male,Mumbai,34723.19,4,2463.08,615.77,4,105,Electronics,0
C0832,37,Female,Bengaluru,69020.46,11,9758.28,887.12,11,105,Home,0
C0833,34,Male,Delhi,89160.7,23,17660.5,767.85,23,29,Home,13
C0834,53,Female,Hyderabad,50006.54,11,8366.5,760.59,11,60,Grocery,1
C0835,40,Female,Bengaluru,33109.67,3,2078.67,692.89,3,132,Electronics,1
C0836,33,Male,Mumbai,68398.42,6,9181.36,1530.23,6,94,Fashion,4
C0837,18,Male,Delhi,70196.43,22,16938.36,769.93,22,5,Home,9
C0838,27,Male,Bengaluru,55497.53,13,6939.33,533.79,13,54,Fashion,4
C0839,27,Male,Hyderabad,30823.07,5,2307.29,461.46,5,125,Electronics,0
C0840,54,Male,Hyderabad,75699.59,5,8568.1,1713.62,5,75,Grocery,0
C0841,58,Male,Delhi,81996.03,24,15673.62,653.07,24,11,Fashion,4
C0842,61,Male,Bengaluru,56482.17,12,9430.99,785.92,12,73,Home,3
C0843,49,Female,Hyderabad,40760.52,1,2455.94,2455.94,1,122,Grocery,0
C0844,29,Female,Bengaluru,51019.11,7,10826.67,1546.67,7,72,Home,2
C0845,43,Female,Chennai,69999.63,21,15644.66,744.98,21,1,Home,10
C0846,35,Male,Delhi,44475.12,9,6006.67,667.41,9,7,Fashion,4
C0847,40,Male,Chennai,36641.05,5,1969.6,393.92,5,103,Grocery,4
C0848,47,Male,Bengaluru,74671.54,5,10598.49,2119.7,5,52,Fashion,5
C0849,40,Male,Bengaluru,74463.05,23,19959.38,867.8,23,23,Home,7
C0850,49,Female,Delhi,50847.28,12,7623.51,635.29,12,57,Electronics,3
C0851,18,Male,Bengaluru,34672.13,3,2644.99,881.66,3,115,Grocery,0
C0852,40,Male,Bengaluru,80265.09,6,6582.23,1097.04,6,57,Home,6
C0853,19,Male,Mumbai,83437.72,19,19199.65,1010.51,19,23,Fashion,9
C0854,41,Female,Bengaluru,51517.89,12,9396.78,783.07,12,65,Electronics,0
C0855,32,Female,Delhi,40020.69,4,3000.63,750.16,4,109,Home,0
C0856,43,Female,Mumbai,60997.83,9,9901.43,1100.16,9,74,Grocery,1
C0857,26,Female,Chennai,91134.9,21,10231.92,487.23,21,16,Electronics,9
C0858,50,Female,Delhi,59081.16,10,8097.37,809.74,10,70,Electronics,4
C0859,25,Female,Delhi,34629.41,2,3516.34,1758.17,2,112,Home,0
C0860,39,Female,Chennai,69288.23,8,10359.6,1294.95,8,82,Electronics,3
C0861,66,Male,Hyderabad,81302.57,23,13108.99,569.96,23,23,Home,7
C0862,37,Male,Bengaluru,51518.17,10,7979.13,797.91,10,51,Home,0
C0863,35,Male,Mumbai,29527.74,6,3572.46,595.41,6,97,Grocery,0
C0864,48,Male,Chennai,76758.97,8,11276.34,1409.54,8,73,Home,4
C0865,44,Female,Bengaluru,98239.68,24,15530.13,647.09,24,17,Electronics,7
C0866,19,Male,Hyderabad,58431.12,9,6371.47,707.94,9,55,Home,1
C0867,42,Male,Delhi,42650.67,6,1885.58,314.26,6,104,Grocery,1
C0868,31,Female,Chennai,83354.61,5,9448.46,1889.69,5,92,Fashion,0
C0869,42,Female,Bengaluru,58291.76,21,25042.06,1192.48,21,19,Fashion,9
C0870,49,Female,Bengaluru,43219.79,9,6492.23,721.36,9,70,Home,0
C0871,47,Male,Chennai,34133.01,5,2041.65,408.33,5,102,Fashion,0
C0872,46,Male,Hyderabad,78368.87,8,9187.08,1148.38,8,71,Home,3
C0873,21,Female,Chennai,76943.04,24,17827.51,742.81,24,12,Home,7
C0874,31,Female,Bengaluru,49482.02,10,8282.15,828.21,10,51,Electronics,0
C0875,43,Female,Hyderabad,29622.5,1,1944.89,1944.89,1,110,Home,1
C0876,38,Male,Chennai,88982.26,9,13826.16,1536.24,9,73,Home,3
C0877,38,Male,Chennai,109519.8,24,22840.94,951.71,24,15,Fashion,7
C0878,32,Male,Chennai,48352.23,12,7545.93,628.83,12,44,Grocery,6
C0879,25,Male,Chennai,27014.68,2,2381.03,1190.51,2,106,Grocery,0
C0880,46,Non-binary,Hyderabad,57464.75,9,9908.08,1100.9,9,81,Home,5
C0881,40,Female,Chennai,90107.29,22,13963.18,634.69,22,27,Electronics,7
C0882,18,Male,Mumbai,61615.01,12,5373.56,447.8,12,68,Electronics,7
C0883,29,Female,Chennai,24515.6,6,2785.85,464.31,6,106,Electronics,1
C0884,48,Non-binary,Mumbai,56335.89,8,11105.39,1388.17,8,59,Fashion,4
C0885,45,Male,Delhi,93147.35,19,14053.64,739.67,19,27,Grocery,7
C0886,59,Male,Mumbai,44969.74,11,8279.55,752.69,11,44,Fashion,2
C0887,42,Male,Bengaluru,40042.7,5,2096.56,419.31,5,104,Grocery,0
C0888,24,Female,Delhi,72691.12,9,7720.89,857.88,9,65,Home,0
C0889,46,Female,Bengaluru,58389.03,23,17726.52,770.72,23,19,Fashion,6
C0890,35,Male,Bengaluru,48380.98,12,7157.89,596.49,12,46,Home,4
C0891,20,Non-binary,Bengaluru,35655.21,5,2175.69,435.14,5,110,Home,0
C0892,22,Male,Bengaluru,61897.16,12,10295.74,857.98,12,97,Electronics,2
C0893,46,Male,Chennai,97095.98,21,13968.86,665.18,21,30,Electronics,6
C0894,56,Male,Hyderabad,36854.03,15,7177.79,478.52,15,37,Fashion,4
C0895,48,Female,Mumbai,32223.68,3,2280.95,760.32,3,114,Home,0
C0896,48,Male,Mumbai,75932.89,6,10030.75,1671.79,6,93,Fashion,3
C0897,31,Female,Mumbai,65539.38,18,17693.59,982.98,18,21,Home,5
C0898,23,Male,Chennai,41897.4,11,6389.33,580.85,11,53,Electronics,2
C0899,47,Male,Mumbai,36929.76,3,3463.75,1154.58,3,102,Home,1
C0900,18,Male,Bengaluru,66178.31,8,5775.08,721.88,8,52,Home,2
